col_name,info gain
Gender,0.30136518819642766
Class,0.6122924302659678
