col_name,info gain
Past Trend,0.26666666666666666
Open Interest,0.4666666666666667
Trading Volume,0.34285714285714286
